repo,date,views,unique_visitors
ScottKirvan/.github,2026-07-30,0,0
ScottKirvan/.github,2026-07-31,0,0
ScottKirvan/.github,2026-08-01,18,1
ScottKirvan/.github,2026-08-02,6,1
ScottKirvan/.github,2026-08-03,0,0
ScottKirvan/.github,2026-08-04,0,0
ScottKirvan/.github,2026-08-05,0,0
ScottKirvan/.github,2026-08-06,0,0
ScottKirvan/.github,2026-08-07,0,0
ScottKirvan/.github,2026-08-08,0,0
ScottKirvan/.github,2026-08-09,0,0
ScottKirvan/.github,2026-08-10,2,1
ScottKirvan/.github,2026-08-11,2,1
ScottKirvan/.github,2026-08-12,0,0
ScottKirvan/.github,2026-08-13,0,0
ScottKirvan/.github,2026-08-14,0,0
ScottKirvan/.github,2026-08-15,0,0
ScottKirvan/.github,2026-08-16,0,0
ScottKirvan/.github,2026-08-17,0,0
ScottKirvan/.github,2026-08-18,9,1
ScottKirvan/.github,2026-08-19,0,0
ScottKirvan/.github,2026-08-20,0,0
ScottKirvan/.github,2026-08-21,0,0
ScottKirvan/.github,2026-08-22,0,0
ScottKirvan/.github,2026-08-23,3,1
ScottKirvan/.github,2026-08-24,5,1
ScottKirvan/.github,2026-08-25,0,0
ScottKirvan/.github,2026-08-26,0,0
ScottKirvan/.github,2026-08-27,8,1
ScottKirvan/.github,2026-08-28,0,0
ScottKirvan/.github,2026-08-29,8,1
ScottKirvan/.github,2026-08-30,0,0
ScottKirvan/.github,2026-08-31,0,0
ScottKirvan/.github,2026-09-01,0,0
ScottKirvan/.github,2026-09-02,0,0
ScottKirvan/.github,2026-09-03,0,0
ScottKirvan/.github,2026-09-04,1,1
ScottKirvan/.github,2026-09-05,0,0
ScottKirvan/BojuBot,2026-07-30,21,4
ScottKirvan/BojuBot,2026-07-31,2,1
ScottKirvan/BojuBot,2026-08-01,1,1
ScottKirvan/BojuBot,2026-08-02,0,0
ScottKirvan/BojuBot,2026-08-03,0,0
ScottKirvan/BojuBot,2026-08-04,2,2
ScottKirvan/BojuBot,2026-08-05,1,1
ScottKirvan/BojuBot,2026-08-06,9,4
ScottKirvan/BojuBot,2026-08-07,1,1
ScottKirvan/BojuBot,2026-08-08,2,2
ScottKirvan/BojuBot,2026-08-09,7,5
ScottKirvan/BojuBot,2026-08-10,1,1
ScottKirvan/BojuBot,2026-08-11,2,2
ScottKirvan/BojuBot,2026-08-12,3,3
ScottKirvan/BojuBot,2026-08-13,1,1
ScottKirvan/BojuBot,2026-08-14,0,0
ScottKirvan/BojuBot,2026-08-15,0,0
ScottKirvan/BojuBot,2026-08-16,0,0
ScottKirvan/BojuBot,2026-08-17,3,2
ScottKirvan/BojuBot,2026-08-18,6,3
ScottKirvan/BojuBot,2026-08-19,8,2
ScottKirvan/BojuBot,2026-08-20,0,0
ScottKirvan/BojuBot,2026-08-21,0,0
ScottKirvan/BojuBot,2026-08-22,1,1
ScottKirvan/BojuBot,2026-08-23,5,1
ScottKirvan/BojuBot,2026-08-24,15,1
ScottKirvan/BojuBot,2026-08-25,8,2
ScottKirvan/BojuBot,2026-08-26,0,0
ScottKirvan/BojuBot,2026-08-27,3,2
ScottKirvan/BojuBot,2026-08-28,1,1
ScottKirvan/BojuBot,2026-08-29,7,1
ScottKirvan/BojuBot,2026-08-30,0,0
ScottKirvan/BojuBot,2026-08-31,4,3
ScottKirvan/BojuBot,2026-09-01,2,2
ScottKirvan/BojuBot,2026-09-02,0,0
ScottKirvan/BojuBot,2026-09-03,0,0
ScottKirvan/BojuBot,2026-09-04,2,1
ScottKirvan/BojuBot,2026-09-05,3,2
ScottKirvan/BojuStudio_devops_agent,2026-07-30,8,1
ScottKirvan/BojuStudio_devops_agent,2026-07-31,0,0
ScottKirvan/BojuStudio_devops_agent,2026-08-01,0,0
ScottKirvan/BojuStudio_devops_agent,2026-08-02,0,0
ScottKirvan/BojuStudio_devops_agent,2026-08-03,0,0
ScottKirvan/BojuStudio_devops_agent,2026-08-04,0,0
ScottKirvan/BojuStudio_devops_agent,2026-08-05,0,0
ScottKirvan/BojuStudio_devops_agent,2026-08-06,0,0
ScottKirvan/BojuStudio_devops_agent,2026-08-07,0,0
ScottKirvan/BojuStudio_devops_agent,2026-08-08,0,0
ScottKirvan/BojuStudio_devops_agent,2026-08-09,0,0
ScottKirvan/BojuStudio_devops_agent,2026-08-10,0,0
ScottKirvan/BojuStudio_devops_agent,2026-08-11,4,1
ScottKirvan/BojuStudio_devops_agent,2026-08-12,0,0
ScottKirvan/BojuStudio_devops_agent,2026-08-13,34,1
ScottKirvan/BojuStudio_devops_agent,2026-08-14,0,0
ScottKirvan/BojuStudio_devops_agent,2026-08-15,0,0
ScottKirvan/BojuStudio_devops_agent,2026-08-16,0,0
ScottKirvan/BojuStudio_devops_agent,2026-08-17,0,0
ScottKirvan/BojuStudio_devops_agent,2026-08-18,2,1
ScottKirvan/BojuStudio_devops_agent,2026-08-19,0,0
ScottKirvan/BojuStudio_devops_agent,2026-08-20,0,0
ScottKirvan/BojuStudio_devops_agent,2026-08-21,0,0
ScottKirvan/BojuStudio_devops_agent,2026-08-22,0,0
ScottKirvan/BojuStudio_devops_agent,2026-08-23,5,1
ScottKirvan/BojuStudio_devops_agent,2026-08-24,16,1
ScottKirvan/BojuStudio_devops_agent,2026-08-25,0,0
ScottKirvan/BojuStudio_devops_agent,2026-08-26,0,0
ScottKirvan/BojuStudio_devops_agent,2026-08-27,0,0
ScottKirvan/BojuStudio_devops_agent,2026-08-28,0,0
ScottKirvan/BojuStudio_devops_agent,2026-08-29,2,1
ScottKirvan/BojuStudio_devops_agent,2026-08-30,0,0
ScottKirvan/BojuStudio_devops_agent,2026-08-31,0,0
ScottKirvan/BojuStudio_devops_agent,2026-09-01,0,0
ScottKirvan/BojuStudio_devops_agent,2026-09-02,0,0
ScottKirvan/BojuStudio_devops_agent,2026-09-03,0,0
ScottKirvan/BojuStudio_devops_agent,2026-09-04,8,1
ScottKirvan/BojuStudio_devops_agent,2026-09-05,2,1
ScottKirvan/GOMAC,2026-07-30,0,0
ScottKirvan/GOMAC,2026-07-31,0,0
ScottKirvan/GOMAC,2026-08-01,0,0
ScottKirvan/GOMAC,2026-08-02,0,0
ScottKirvan/GOMAC,2026-08-03,0,0
ScottKirvan/GOMAC,2026-08-04,0,0
ScottKirvan/GOMAC,2026-08-05,0,0
ScottKirvan/GOMAC,2026-08-06,0,0
ScottKirvan/GOMAC,2026-08-07,82,1
ScottKirvan/GOMAC,2026-08-08,0,0
ScottKirvan/GOMAC,2026-08-09,1,1
ScottKirvan/GOMAC,2026-08-10,1,1
ScottKirvan/GOMAC,2026-08-11,0,0
ScottKirvan/GOMAC,2026-08-12,0,0
ScottKirvan/GOMAC,2026-08-13,1,1
ScottKirvan/GOMAC,2026-08-14,0,0
ScottKirvan/GOMAC,2026-08-15,0,0
ScottKirvan/GOMAC,2026-08-16,36,1
ScottKirvan/GOMAC,2026-08-17,1,1
ScottKirvan/GOMAC,2026-08-18,0,0
ScottKirvan/GOMAC,2026-08-19,0,0
ScottKirvan/GOMAC,2026-08-20,0,0
ScottKirvan/GOMAC,2026-08-21,0,0
ScottKirvan/GOMAC,2026-08-22,0,0
ScottKirvan/GOMAC,2026-08-23,0,0
ScottKirvan/GOMAC,2026-08-24,0,0
ScottKirvan/GOMAC,2026-08-25,0,0
ScottKirvan/GOMAC,2026-08-26,0,0
ScottKirvan/GOMAC,2026-08-27,0,0
ScottKirvan/GOMAC,2026-08-28,0,0
ScottKirvan/GOMAC,2026-08-29,8,1
ScottKirvan/GOMAC,2026-08-30,47,1
ScottKirvan/GOMAC,2026-08-31,41,1
ScottKirvan/GOMAC,2026-09-01,9,1
ScottKirvan/GOMAC,2026-09-02,1,1
ScottKirvan/GOMAC,2026-09-03,0,0
ScottKirvan/GOMAC,2026-09-04,0,0
ScottKirvan/GOMAC,2026-09-05,2,1
ScottKirvan/GitHubDHC,2026-07-30,21,1
ScottKirvan/GitHubDHC,2026-07-31,0,0
ScottKirvan/GitHubDHC,2026-08-01,7,2
ScottKirvan/GitHubDHC,2026-08-02,6,1
ScottKirvan/GitHubDHC,2026-08-03,1,1
ScottKirvan/GitHubDHC,2026-08-04,55,2
ScottKirvan/GitHubDHC,2026-08-05,3,1
ScottKirvan/GitHubDHC,2026-08-06,12,3
ScottKirvan/GitHubDHC,2026-08-07,1,1
ScottKirvan/GitHubDHC,2026-08-08,3,2
ScottKirvan/GitHubDHC,2026-08-09,11,1
ScottKirvan/GitHubDHC,2026-08-10,2,1
ScottKirvan/GitHubDHC,2026-08-11,2,1
ScottKirvan/GitHubDHC,2026-08-12,0,0
ScottKirvan/GitHubDHC,2026-08-13,1,1
ScottKirvan/GitHubDHC,2026-08-14,1,1
ScottKirvan/GitHubDHC,2026-08-15,0,0
ScottKirvan/GitHubDHC,2026-08-16,0,0
ScottKirvan/GitHubDHC,2026-08-17,0,0
ScottKirvan/GitHubDHC,2026-08-18,6,2
ScottKirvan/GitHubDHC,2026-08-19,1,1
ScottKirvan/GitHubDHC,2026-08-20,0,0
ScottKirvan/GitHubDHC,2026-08-21,0,0
ScottKirvan/GitHubDHC,2026-08-22,0,0
ScottKirvan/GitHubDHC,2026-08-23,4,3
ScottKirvan/GitHubDHC,2026-08-24,5,1
ScottKirvan/GitHubDHC,2026-08-25,0,0
ScottKirvan/GitHubDHC,2026-08-26,4,1
ScottKirvan/GitHubDHC,2026-08-27,0,0
ScottKirvan/GitHubDHC,2026-08-28,4,2
ScottKirvan/GitHubDHC,2026-08-29,12,7
ScottKirvan/GitHubDHC,2026-08-30,1,1
ScottKirvan/GitHubDHC,2026-08-31,0,0
ScottKirvan/GitHubDHC,2026-09-01,0,0
ScottKirvan/GitHubDHC,2026-09-02,1,1
ScottKirvan/GitHubDHC,2026-09-03,2,2
ScottKirvan/GitHubDHC,2026-09-04,0,0
ScottKirvan/GitHubDHC,2026-09-05,0,0
ScottKirvan/Obsidian-ScooterUtils,2026-07-30,11,1
ScottKirvan/Obsidian-ScooterUtils,2026-07-31,0,0
ScottKirvan/Obsidian-ScooterUtils,2026-08-01,0,0
ScottKirvan/Obsidian-ScooterUtils,2026-08-02,0,0
ScottKirvan/Obsidian-ScooterUtils,2026-08-03,0,0
ScottKirvan/Obsidian-ScooterUtils,2026-08-04,0,0
ScottKirvan/Obsidian-ScooterUtils,2026-08-05,0,0
ScottKirvan/Obsidian-ScooterUtils,2026-08-06,0,0
ScottKirvan/Obsidian-ScooterUtils,2026-08-07,0,0
ScottKirvan/Obsidian-ScooterUtils,2026-08-08,0,0
ScottKirvan/Obsidian-ScooterUtils,2026-08-09,0,0
ScottKirvan/Obsidian-ScooterUtils,2026-08-10,0,0
ScottKirvan/Obsidian-ScooterUtils,2026-08-11,1,1
ScottKirvan/Obsidian-ScooterUtils,2026-08-12,0,0
ScottKirvan/Obsidian-ScooterUtils,2026-08-13,0,0
ScottKirvan/Obsidian-ScooterUtils,2026-08-14,0,0
ScottKirvan/Obsidian-ScooterUtils,2026-08-15,0,0
ScottKirvan/Obsidian-ScooterUtils,2026-08-16,0,0
ScottKirvan/Obsidian-ScooterUtils,2026-08-17,0,0
ScottKirvan/Obsidian-ScooterUtils,2026-08-18,0,0
ScottKirvan/Obsidian-ScooterUtils,2026-08-19,0,0
ScottKirvan/Obsidian-ScooterUtils,2026-08-20,0,0
ScottKirvan/Obsidian-ScooterUtils,2026-08-21,0,0
ScottKirvan/Obsidian-ScooterUtils,2026-08-22,0,0
ScottKirvan/Obsidian-ScooterUtils,2026-08-23,0,0
ScottKirvan/Obsidian-ScooterUtils,2026-08-24,4,1
ScottKirvan/Obsidian-ScooterUtils,2026-08-25,0,0
ScottKirvan/Obsidian-ScooterUtils,2026-08-26,0,0
ScottKirvan/Obsidian-ScooterUtils,2026-08-27,0,0
ScottKirvan/Obsidian-ScooterUtils,2026-08-28,0,0
ScottKirvan/Obsidian-ScooterUtils,2026-08-29,10,1
ScottKirvan/Obsidian-ScooterUtils,2026-08-30,0,0
ScottKirvan/Obsidian-ScooterUtils,2026-08-31,0,0
ScottKirvan/Obsidian-ScooterUtils,2026-09-01,0,0
ScottKirvan/Obsidian-ScooterUtils,2026-09-02,0,0
ScottKirvan/Obsidian-ScooterUtils,2026-09-03,0,0
ScottKirvan/Obsidian-ScooterUtils,2026-09-04,0,0
ScottKirvan/Obsidian-ScooterUtils,2026-09-05,1,1
ScottKirvan/ObsidianQuickLaunch,2026-07-30,1,1
ScottKirvan/ObsidianQuickLaunch,2026-07-31,0,0
ScottKirvan/ObsidianQuickLaunch,2026-08-01,0,0
ScottKirvan/ObsidianQuickLaunch,2026-08-02,0,0
ScottKirvan/ObsidianQuickLaunch,2026-08-03,4,2
ScottKirvan/ObsidianQuickLaunch,2026-08-04,8,2
ScottKirvan/ObsidianQuickLaunch,2026-08-05,4,1
ScottKirvan/ObsidianQuickLaunch,2026-08-06,3,1
ScottKirvan/ObsidianQuickLaunch,2026-08-07,1,1
ScottKirvan/ObsidianQuickLaunch,2026-08-08,0,0
ScottKirvan/ObsidianQuickLaunch,2026-08-09,22,1
ScottKirvan/ObsidianQuickLaunch,2026-08-10,1,1
ScottKirvan/ObsidianQuickLaunch,2026-08-11,0,0
ScottKirvan/ObsidianQuickLaunch,2026-08-12,0,0
ScottKirvan/ObsidianQuickLaunch,2026-08-13,0,0
ScottKirvan/ObsidianQuickLaunch,2026-08-14,0,0
ScottKirvan/ObsidianQuickLaunch,2026-08-15,0,0
ScottKirvan/ObsidianQuickLaunch,2026-08-16,0,0
ScottKirvan/ObsidianQuickLaunch,2026-08-17,9,1
ScottKirvan/ObsidianQuickLaunch,2026-08-18,0,0
ScottKirvan/ObsidianQuickLaunch,2026-08-19,0,0
ScottKirvan/ObsidianQuickLaunch,2026-08-20,1,1
ScottKirvan/ObsidianQuickLaunch,2026-08-21,0,0
ScottKirvan/ObsidianQuickLaunch,2026-08-22,0,0
ScottKirvan/ObsidianQuickLaunch,2026-08-23,0,0
ScottKirvan/ObsidianQuickLaunch,2026-08-24,3,1
ScottKirvan/ObsidianQuickLaunch,2026-08-25,4,1
ScottKirvan/ObsidianQuickLaunch,2026-08-26,2,1
ScottKirvan/ObsidianQuickLaunch,2026-08-27,1,1
ScottKirvan/ObsidianQuickLaunch,2026-08-28,0,0
ScottKirvan/ObsidianQuickLaunch,2026-08-29,1,1
ScottKirvan/ObsidianQuickLaunch,2026-08-30,1,1
ScottKirvan/ObsidianQuickLaunch,2026-08-31,0,0
ScottKirvan/ObsidianQuickLaunch,2026-09-01,0,0
ScottKirvan/ObsidianQuickLaunch,2026-09-02,0,0
ScottKirvan/ObsidianQuickLaunch,2026-09-03,0,0
ScottKirvan/ObsidianQuickLaunch,2026-09-04,0,0
ScottKirvan/ObsidianQuickLaunch,2026-09-05,3,1
ScottKirvan/QuKi-Notes,2026-07-30,43,1
ScottKirvan/QuKi-Notes,2026-07-31,46,1
ScottKirvan/QuKi-Notes,2026-08-01,29,1
ScottKirvan/QuKi-Notes,2026-08-02,12,1
ScottKirvan/QuKi-Notes,2026-08-03,48,1
ScottKirvan/QuKi-Notes,2026-08-04,0,0
ScottKirvan/QuKi-Notes,2026-08-05,26,1
ScottKirvan/QuKi-Notes,2026-08-06,31,1
ScottKirvan/QuKi-Notes,2026-08-07,0,0
ScottKirvan/QuKi-Notes,2026-08-08,3,1
ScottKirvan/QuKi-Notes,2026-08-09,2,1
ScottKirvan/QuKi-Notes,2026-08-10,98,1
ScottKirvan/QuKi-Notes,2026-08-11,72,1
ScottKirvan/QuKi-Notes,2026-08-12,9,1
ScottKirvan/QuKi-Notes,2026-08-13,50,4
ScottKirvan/QuKi-Notes,2026-08-14,100,5
ScottKirvan/QuKi-Notes,2026-08-15,18,1
ScottKirvan/QuKi-Notes,2026-08-16,41,1
ScottKirvan/QuKi-Notes,2026-08-17,75,3
ScottKirvan/QuKi-Notes,2026-08-18,30,3
ScottKirvan/QuKi-Notes,2026-08-19,3,1
ScottKirvan/QuKi-Notes,2026-08-20,1,1
ScottKirvan/QuKi-Notes,2026-08-21,0,0
ScottKirvan/QuKi-Notes,2026-08-22,0,0
ScottKirvan/QuKi-Notes,2026-08-23,10,2
ScottKirvan/QuKi-Notes,2026-08-24,36,1
ScottKirvan/QuKi-Notes,2026-08-25,14,1
ScottKirvan/QuKi-Notes,2026-08-26,1,1
ScottKirvan/QuKi-Notes,2026-08-27,117,4
ScottKirvan/QuKi-Notes,2026-08-28,0,0
ScottKirvan/QuKi-Notes,2026-08-29,13,1
ScottKirvan/QuKi-Notes,2026-08-30,3,1
ScottKirvan/QuKi-Notes,2026-08-31,2,1
ScottKirvan/QuKi-Notes,2026-09-01,0,0
ScottKirvan/QuKi-Notes,2026-09-02,0,0
ScottKirvan/QuKi-Notes,2026-09-03,0,0
ScottKirvan/QuKi-Notes,2026-09-04,1,1
ScottKirvan/QuKi-Notes,2026-09-05,6,1
ScottKirvan/ReleasePleaseTest,2026-07-30,0,0
ScottKirvan/ReleasePleaseTest,2026-07-31,0,0
ScottKirvan/ReleasePleaseTest,2026-08-01,0,0
ScottKirvan/ReleasePleaseTest,2026-08-02,0,0
ScottKirvan/ReleasePleaseTest,2026-08-03,0,0
ScottKirvan/ReleasePleaseTest,2026-08-04,0,0
ScottKirvan/ReleasePleaseTest,2026-08-05,0,0
ScottKirvan/ReleasePleaseTest,2026-08-06,0,0
ScottKirvan/ReleasePleaseTest,2026-08-07,0,0
ScottKirvan/ReleasePleaseTest,2026-08-08,0,0
ScottKirvan/ReleasePleaseTest,2026-08-09,0,0
ScottKirvan/ReleasePleaseTest,2026-08-10,0,0
ScottKirvan/ReleasePleaseTest,2026-08-11,0,0
ScottKirvan/ReleasePleaseTest,2026-08-12,0,0
ScottKirvan/ReleasePleaseTest,2026-08-13,0,0
ScottKirvan/ReleasePleaseTest,2026-08-14,0,0
ScottKirvan/ReleasePleaseTest,2026-08-15,0,0
ScottKirvan/ReleasePleaseTest,2026-08-16,0,0
ScottKirvan/ReleasePleaseTest,2026-08-17,0,0
ScottKirvan/ReleasePleaseTest,2026-08-18,0,0
ScottKirvan/ReleasePleaseTest,2026-08-19,0,0
ScottKirvan/ReleasePleaseTest,2026-08-20,0,0
ScottKirvan/ReleasePleaseTest,2026-08-21,0,0
ScottKirvan/ReleasePleaseTest,2026-08-22,0,0
ScottKirvan/ReleasePleaseTest,2026-08-23,6,1
ScottKirvan/ReleasePleaseTest,2026-08-24,32,1
ScottKirvan/ReleasePleaseTest,2026-08-25,0,0
ScottKirvan/ReleasePleaseTest,2026-08-26,0,0
ScottKirvan/ReleasePleaseTest,2026-08-27,0,0
ScottKirvan/ReleasePleaseTest,2026-08-28,0,0
ScottKirvan/ReleasePleaseTest,2026-08-29,5,1
ScottKirvan/ReleasePleaseTest,2026-08-30,0,0
ScottKirvan/ReleasePleaseTest,2026-08-31,0,0
ScottKirvan/ReleasePleaseTest,2026-09-01,0,0
ScottKirvan/ReleasePleaseTest,2026-09-02,0,0
ScottKirvan/ReleasePleaseTest,2026-09-03,0,0
ScottKirvan/ReleasePleaseTest,2026-09-04,0,0
ScottKirvan/ReleasePleaseTest,2026-09-05,0,0
ScottKirvan/ScooterGitTemplate,2026-07-30,7,1
ScottKirvan/ScooterGitTemplate,2026-07-31,0,0
ScottKirvan/ScooterGitTemplate,2026-08-01,0,0
ScottKirvan/ScooterGitTemplate,2026-08-02,0,0
ScottKirvan/ScooterGitTemplate,2026-08-03,0,0
ScottKirvan/ScooterGitTemplate,2026-08-04,0,0
ScottKirvan/ScooterGitTemplate,2026-08-05,0,0
ScottKirvan/ScooterGitTemplate,2026-08-06,0,0
ScottKirvan/ScooterGitTemplate,2026-08-07,0,0
ScottKirvan/ScooterGitTemplate,2026-08-08,9,1
ScottKirvan/ScooterGitTemplate,2026-08-09,1,1
ScottKirvan/ScooterGitTemplate,2026-08-10,3,1
ScottKirvan/ScooterGitTemplate,2026-08-11,1,1
ScottKirvan/ScooterGitTemplate,2026-08-12,0,0
ScottKirvan/ScooterGitTemplate,2026-08-13,0,0
ScottKirvan/ScooterGitTemplate,2026-08-14,0,0
ScottKirvan/ScooterGitTemplate,2026-08-15,0,0
ScottKirvan/ScooterGitTemplate,2026-08-16,0,0
ScottKirvan/ScooterGitTemplate,2026-08-17,0,0
ScottKirvan/ScooterGitTemplate,2026-08-18,0,0
ScottKirvan/ScooterGitTemplate,2026-08-19,0,0
ScottKirvan/ScooterGitTemplate,2026-08-20,0,0
ScottKirvan/ScooterGitTemplate,2026-08-21,0,0
ScottKirvan/ScooterGitTemplate,2026-08-22,0,0
ScottKirvan/ScooterGitTemplate,2026-08-23,0,0
ScottKirvan/ScooterGitTemplate,2026-08-24,2,1
ScottKirvan/ScooterGitTemplate,2026-08-25,0,0
ScottKirvan/ScooterGitTemplate,2026-08-26,0,0
ScottKirvan/ScooterGitTemplate,2026-08-27,1,1
ScottKirvan/ScooterGitTemplate,2026-08-28,0,0
ScottKirvan/ScooterGitTemplate,2026-08-29,3,1
ScottKirvan/ScooterGitTemplate,2026-08-30,0,0
ScottKirvan/ScooterGitTemplate,2026-08-31,0,0
ScottKirvan/ScooterGitTemplate,2026-09-01,0,0
ScottKirvan/ScooterGitTemplate,2026-09-02,0,0
ScottKirvan/ScooterGitTemplate,2026-09-03,0,0
ScottKirvan/ScooterGitTemplate,2026-09-04,0,0
ScottKirvan/ScooterGitTemplate,2026-09-05,7,1
ScottKirvan/ScooterUtils,2026-07-30,8,2
ScottKirvan/ScooterUtils,2026-07-31,0,0
ScottKirvan/ScooterUtils,2026-08-01,0,0
ScottKirvan/ScooterUtils,2026-08-02,2,1
ScottKirvan/ScooterUtils,2026-08-03,1,1
ScottKirvan/ScooterUtils,2026-08-04,1,1
ScottKirvan/ScooterUtils,2026-08-05,3,2
ScottKirvan/ScooterUtils,2026-08-06,6,2
ScottKirvan/ScooterUtils,2026-08-07,1,1
ScottKirvan/ScooterUtils,2026-08-08,2,1
ScottKirvan/ScooterUtils,2026-08-09,37,2
ScottKirvan/ScooterUtils,2026-08-10,95,3
ScottKirvan/ScooterUtils,2026-08-11,15,3
ScottKirvan/ScooterUtils,2026-08-12,4,4
ScottKirvan/ScooterUtils,2026-08-13,23,2
ScottKirvan/ScooterUtils,2026-08-14,2,2
ScottKirvan/ScooterUtils,2026-08-15,0,0
ScottKirvan/ScooterUtils,2026-08-16,0,0
ScottKirvan/ScooterUtils,2026-08-17,1,1
ScottKirvan/ScooterUtils,2026-08-18,4,2
ScottKirvan/ScooterUtils,2026-08-19,1,1
ScottKirvan/ScooterUtils,2026-08-20,0,0
ScottKirvan/ScooterUtils,2026-08-21,1,1
ScottKirvan/ScooterUtils,2026-08-22,1,1
ScottKirvan/ScooterUtils,2026-08-23,0,0
ScottKirvan/ScooterUtils,2026-08-24,6,3
ScottKirvan/ScooterUtils,2026-08-25,0,0
ScottKirvan/ScooterUtils,2026-08-26,0,0
ScottKirvan/ScooterUtils,2026-08-27,5,4
ScottKirvan/ScooterUtils,2026-08-28,3,3
ScottKirvan/ScooterUtils,2026-08-29,7,2
ScottKirvan/ScooterUtils,2026-08-30,0,0
ScottKirvan/ScooterUtils,2026-08-31,2,2
ScottKirvan/ScooterUtils,2026-09-01,1,1
ScottKirvan/ScooterUtils,2026-09-02,1,1
ScottKirvan/ScooterUtils,2026-09-03,1,1
ScottKirvan/ScooterUtils,2026-09-04,1,1
ScottKirvan/ScooterUtils,2026-09-05,1,1
ScottKirvan/ScottKirvan,2026-07-30,0,0
ScottKirvan/ScottKirvan,2026-07-31,0,0
ScottKirvan/ScottKirvan,2026-08-01,0,0
ScottKirvan/ScottKirvan,2026-08-02,0,0
ScottKirvan/ScottKirvan,2026-08-03,0,0
ScottKirvan/ScottKirvan,2026-08-04,0,0
ScottKirvan/ScottKirvan,2026-08-05,0,0
ScottKirvan/ScottKirvan,2026-08-06,0,0
ScottKirvan/ScottKirvan,2026-08-07,0,0
ScottKirvan/ScottKirvan,2026-08-08,1,1
ScottKirvan/ScottKirvan,2026-08-09,1,1
ScottKirvan/ScottKirvan,2026-08-10,13,1
ScottKirvan/ScottKirvan,2026-08-11,24,1
ScottKirvan/ScottKirvan,2026-08-12,72,2
ScottKirvan/ScottKirvan,2026-08-13,48,1
ScottKirvan/ScottKirvan,2026-08-14,2,1
ScottKirvan/ScottKirvan,2026-08-15,0,0
ScottKirvan/ScottKirvan,2026-08-16,0,0
ScottKirvan/ScottKirvan,2026-08-17,0,0
ScottKirvan/ScottKirvan,2026-08-18,52,1
ScottKirvan/ScottKirvan,2026-08-19,0,0
ScottKirvan/ScottKirvan,2026-08-20,0,0
ScottKirvan/ScottKirvan,2026-08-21,0,0
ScottKirvan/ScottKirvan,2026-08-22,0,0
ScottKirvan/ScottKirvan,2026-08-23,0,0
ScottKirvan/ScottKirvan,2026-08-24,3,1
ScottKirvan/ScottKirvan,2026-08-25,0,0
ScottKirvan/ScottKirvan,2026-08-26,0,0
ScottKirvan/ScottKirvan,2026-08-27,0,0
ScottKirvan/ScottKirvan,2026-08-28,0,0
ScottKirvan/ScottKirvan,2026-08-29,0,0
ScottKirvan/ScottKirvan,2026-08-30,0,0
ScottKirvan/ScottKirvan,2026-08-31,0,0
ScottKirvan/ScottKirvan,2026-09-01,0,0
ScottKirvan/ScottKirvan,2026-09-02,0,0
ScottKirvan/ScottKirvan,2026-09-03,0,0
ScottKirvan/ScottKirvan,2026-09-04,4,1
ScottKirvan/ScottKirvan,2026-09-05,1,1
ScottKirvan/ToolExample,2026-07-30,2,2
ScottKirvan/ToolExample,2026-07-31,0,0
ScottKirvan/ToolExample,2026-08-01,1,1
ScottKirvan/ToolExample,2026-08-02,7,1
ScottKirvan/ToolExample,2026-08-03,0,0
ScottKirvan/ToolExample,2026-08-04,0,0
ScottKirvan/ToolExample,2026-08-05,1,1
ScottKirvan/ToolExample,2026-08-06,0,0
ScottKirvan/ToolExample,2026-08-07,1,1
ScottKirvan/ToolExample,2026-08-08,0,0
ScottKirvan/ToolExample,2026-08-09,0,0
ScottKirvan/ToolExample,2026-08-10,2,1
ScottKirvan/ToolExample,2026-08-11,1,1
ScottKirvan/ToolExample,2026-08-12,0,0
ScottKirvan/ToolExample,2026-08-13,0,0
ScottKirvan/ToolExample,2026-08-14,0,0
ScottKirvan/ToolExample,2026-08-15,0,0
ScottKirvan/ToolExample,2026-08-16,0,0
ScottKirvan/ToolExample,2026-08-17,0,0
ScottKirvan/ToolExample,2026-08-18,0,0
ScottKirvan/ToolExample,2026-08-19,3,2
ScottKirvan/ToolExample,2026-08-20,1,1
ScottKirvan/ToolExample,2026-08-21,0,0
ScottKirvan/ToolExample,2026-08-22,0,0
ScottKirvan/ToolExample,2026-08-23,0,0
ScottKirvan/ToolExample,2026-08-24,3,1
ScottKirvan/ToolExample,2026-08-25,2,2
ScottKirvan/ToolExample,2026-08-26,1,1
ScottKirvan/ToolExample,2026-08-27,7,1
ScottKirvan/ToolExample,2026-08-28,1,1
ScottKirvan/ToolExample,2026-08-29,2,2
ScottKirvan/ToolExample,2026-08-30,0,0
ScottKirvan/ToolExample,2026-08-31,0,0
ScottKirvan/ToolExample,2026-09-01,6,1
ScottKirvan/ToolExample,2026-09-02,0,0
ScottKirvan/ToolExample,2026-09-03,1,1
ScottKirvan/ToolExample,2026-09-04,0,0
ScottKirvan/ToolExample,2026-09-05,0,0
ScottKirvan/UE_QuickLaunch,2026-07-30,0,0
ScottKirvan/UE_QuickLaunch,2026-07-31,0,0
ScottKirvan/UE_QuickLaunch,2026-08-01,0,0
ScottKirvan/UE_QuickLaunch,2026-08-02,1,1
ScottKirvan/UE_QuickLaunch,2026-08-03,1,1
ScottKirvan/UE_QuickLaunch,2026-08-04,0,0
ScottKirvan/UE_QuickLaunch,2026-08-05,0,0
ScottKirvan/UE_QuickLaunch,2026-08-06,19,1
ScottKirvan/UE_QuickLaunch,2026-08-07,0,0
ScottKirvan/UE_QuickLaunch,2026-08-08,0,0
ScottKirvan/UE_QuickLaunch,2026-08-09,0,0
ScottKirvan/UE_QuickLaunch,2026-08-10,1,1
ScottKirvan/UE_QuickLaunch,2026-08-11,5,3
ScottKirvan/UE_QuickLaunch,2026-08-12,1,1
ScottKirvan/UE_QuickLaunch,2026-08-13,1,1
ScottKirvan/UE_QuickLaunch,2026-08-14,8,1
ScottKirvan/UE_QuickLaunch,2026-08-15,0,0
ScottKirvan/UE_QuickLaunch,2026-08-16,0,0
ScottKirvan/UE_QuickLaunch,2026-08-17,0,0
ScottKirvan/UE_QuickLaunch,2026-08-18,0,0
ScottKirvan/UE_QuickLaunch,2026-08-19,2,2
ScottKirvan/UE_QuickLaunch,2026-08-20,0,0
ScottKirvan/UE_QuickLaunch,2026-08-21,1,1
ScottKirvan/UE_QuickLaunch,2026-08-22,1,1
ScottKirvan/UE_QuickLaunch,2026-08-23,0,0
ScottKirvan/UE_QuickLaunch,2026-08-24,1,1
ScottKirvan/UE_QuickLaunch,2026-08-25,1,1
ScottKirvan/UE_QuickLaunch,2026-08-26,0,0
ScottKirvan/UE_QuickLaunch,2026-08-27,0,0
ScottKirvan/UE_QuickLaunch,2026-08-28,0,0
ScottKirvan/UE_QuickLaunch,2026-08-29,25,3
ScottKirvan/UE_QuickLaunch,2026-08-30,0,0
ScottKirvan/UE_QuickLaunch,2026-08-31,0,0
ScottKirvan/UE_QuickLaunch,2026-09-01,1,1
ScottKirvan/UE_QuickLaunch,2026-09-02,2,2
ScottKirvan/UE_QuickLaunch,2026-09-03,1,1
ScottKirvan/UE_QuickLaunch,2026-09-04,0,0
ScottKirvan/UE_QuickLaunch,2026-09-05,0,0
ScottKirvan/UE_StageHand,2026-07-30,18,1
ScottKirvan/UE_StageHand,2026-07-31,0,0
ScottKirvan/UE_StageHand,2026-08-01,1,1
ScottKirvan/UE_StageHand,2026-08-02,0,0
ScottKirvan/UE_StageHand,2026-08-03,0,0
ScottKirvan/UE_StageHand,2026-08-04,0,0
ScottKirvan/UE_StageHand,2026-08-05,0,0
ScottKirvan/UE_StageHand,2026-08-06,0,0
ScottKirvan/UE_StageHand,2026-08-07,0,0
ScottKirvan/UE_StageHand,2026-08-08,0,0
ScottKirvan/UE_StageHand,2026-08-09,0,0
ScottKirvan/UE_StageHand,2026-08-10,0,0
ScottKirvan/UE_StageHand,2026-08-11,0,0
ScottKirvan/UE_StageHand,2026-08-12,0,0
ScottKirvan/UE_StageHand,2026-08-13,0,0
ScottKirvan/UE_StageHand,2026-08-14,0,0
ScottKirvan/UE_StageHand,2026-08-15,0,0
ScottKirvan/UE_StageHand,2026-08-16,0,0
ScottKirvan/UE_StageHand,2026-08-17,0,0
ScottKirvan/UE_StageHand,2026-08-18,0,0
ScottKirvan/UE_StageHand,2026-08-19,0,0
ScottKirvan/UE_StageHand,2026-08-20,0,0
ScottKirvan/UE_StageHand,2026-08-21,0,0
ScottKirvan/UE_StageHand,2026-08-22,0,0
ScottKirvan/UE_StageHand,2026-08-23,0,0
ScottKirvan/UE_StageHand,2026-08-24,0,0
ScottKirvan/UE_StageHand,2026-08-25,0,0
ScottKirvan/UE_StageHand,2026-08-26,0,0
ScottKirvan/UE_StageHand,2026-08-27,0,0
ScottKirvan/UE_StageHand,2026-08-28,0,0
ScottKirvan/UE_StageHand,2026-08-29,3,1
ScottKirvan/UE_StageHand,2026-08-30,0,0
ScottKirvan/UE_StageHand,2026-08-31,0,0
ScottKirvan/UE_StageHand,2026-09-01,0,0
ScottKirvan/UE_StageHand,2026-09-02,0,0
ScottKirvan/UE_StageHand,2026-09-03,0,0
ScottKirvan/UE_StageHand,2026-09-04,0,0
ScottKirvan/UE_StageHand,2026-09-05,0,0
ScottKirvan/UplinkStatus,2026-07-30,53,1
ScottKirvan/UplinkStatus,2026-07-31,30,1
ScottKirvan/UplinkStatus,2026-08-01,70,1
ScottKirvan/UplinkStatus,2026-08-02,62,1
ScottKirvan/UplinkStatus,2026-08-03,0,0
ScottKirvan/UplinkStatus,2026-08-04,14,1
ScottKirvan/UplinkStatus,2026-08-05,31,1
ScottKirvan/UplinkStatus,2026-08-06,0,0
ScottKirvan/UplinkStatus,2026-08-07,0,0
ScottKirvan/UplinkStatus,2026-08-08,42,1
ScottKirvan/UplinkStatus,2026-08-09,55,1
ScottKirvan/UplinkStatus,2026-08-10,81,1
ScottKirvan/UplinkStatus,2026-08-11,14,1
ScottKirvan/UplinkStatus,2026-08-12,0,0
ScottKirvan/UplinkStatus,2026-08-13,14,1
ScottKirvan/UplinkStatus,2026-08-14,45,1
ScottKirvan/UplinkStatus,2026-08-15,0,0
ScottKirvan/UplinkStatus,2026-08-16,0,0
ScottKirvan/UplinkStatus,2026-08-17,0,0
ScottKirvan/UplinkStatus,2026-08-18,36,1
ScottKirvan/UplinkStatus,2026-08-19,0,0
ScottKirvan/UplinkStatus,2026-08-20,141,1
ScottKirvan/UplinkStatus,2026-08-21,1,1
ScottKirvan/UplinkStatus,2026-08-22,0,0
ScottKirvan/UplinkStatus,2026-08-23,107,1
ScottKirvan/UplinkStatus,2026-08-24,61,1
ScottKirvan/UplinkStatus,2026-08-25,0,0
ScottKirvan/UplinkStatus,2026-08-26,0,0
ScottKirvan/UplinkStatus,2026-08-27,0,0
ScottKirvan/UplinkStatus,2026-08-28,2,1
ScottKirvan/UplinkStatus,2026-08-29,11,1
ScottKirvan/UplinkStatus,2026-08-30,0,0
ScottKirvan/UplinkStatus,2026-08-31,0,0
ScottKirvan/UplinkStatus,2026-09-01,0,0
ScottKirvan/UplinkStatus,2026-09-02,3,1
ScottKirvan/UplinkStatus,2026-09-03,0,0
ScottKirvan/UplinkStatus,2026-09-04,0,0
ScottKirvan/UplinkStatus,2026-09-05,2,1
